activity	GET	/activities/	auth	-	activityController.listActivities
activity	GET	/activities/:id/assignments	auth	P:activities.manage	activityController.listAssignments
activity	POST	/activities/	auth	P:activities.manage	activityController.createActivity
activity	PATCH	/activities/:id	auth	P:activities.manage	activityController.updateActivity
activity	DELETE	/activities/:id	auth	P:activities.manage	activityController.deactivateActivity
announcement	GET	/announcements/	auth	P:announcements.view	announcementController.listAnnouncements
announcement	GET	/announcements/:id	auth	P:announcements.view	announcementController.getAnnouncement
announcement	POST	/announcements/	auth	P:announcements.manage	announcementController.createAnnouncement
announcement	PATCH	/announcements/:id	auth	P:announcements.manage	announcementController.updateAnnouncement
announcement	DELETE	/announcements/:id	auth	P:announcements.manage	announcementController.deleteAnnouncement
attendance	POST	/attendance/mark	auth	R:teacher	attendanceController.markAttendance
attendance	PUT	/attendance/:id	auth	R:teacher	attendanceController.editAttendance
attendance	GET	/attendance/daily	auth	R:teacher,principal,school_admin,super_admin	attendanceController.getDailyAttendance
attendance	GET	/attendance/history	auth	R:teacher,principal,school_admin,super_admin	attendanceController.listClassHistory
attendance	GET	/attendance/:id/history	auth	R:teacher,principal,school_admin,super_admin	attendanceController.getAttendanceHistory
attendance	GET	/attendance/student/:studentId	auth	R:teacher,principal,school_admin,super_admin	attendanceController.getStudentAttendance
attendance	GET	/attendance/reports/daily	auth	R:principal,school_admin,super_admin	attendanceController.getDailyReport
attendance	GET	/attendance/reports/monthly	auth	R:principal,school_admin,super_admin	attendanceController.getMonthlyReport
attendance	GET	/attendance/reports/student-wise	auth	R:principal,school_admin,super_admin	attendanceController.getStudentWiseReport
attendance	GET	/attendance/reports/class-wise	auth	R:principal,school_admin,super_admin	attendanceController.getClassWiseReport
attendance	GET	/attendance/analytics/overall	auth	R:school_admin,super_admin	attendanceController.getOverallAnalytics
auditLog	GET	/audit/login-history	auth	P:security_logs.view	auditLogController.getLoginHistory
auditLog	GET	/audit/activity-log	auth	P:security_logs.view	auditLogController.getActivityLog
auth	POST	/auth/login	PUBLIC	-	login
auth	POST	/auth/refresh	PUBLIC	-	refresh
auth	POST	/auth/forgot-password	PUBLIC	-	forgotPassword
auth	POST	/auth/reset-password	PUBLIC	-	resetPasswordHandler
auth	POST	/auth/record-login-attempt	PUBLIC	-	recordLoginAttempt
auth	GET	/auth/me	authU	-	me
auth	POST	/auth/change-password	auth	-	changePasswordHandler
class	GET	//classes	auth	P:classes.manage	classController.listClasses
class	POST	//classes	auth	P:classes.manage	classController.createClass
class	GET	//classes/:id	auth	P:classes.manage	classController.getClass
class	PATCH	//classes/:id	auth	P:classes.manage	classController.updateClass
class	DELETE	//classes/:id	auth	P:classes.manage	classController.deleteClass
class	GET	//classes/:id/students	auth	P:classes.manage	classController.getClassStudents
class	GET	//classes/:classId/subjects	auth	P:classes.manage	classController.listClassSubjects
class	POST	//classes/:classId/subjects	auth	P:classes.manage	classController.assignSubjectToClass
class	DELETE	//classes/:classId/subjects/:subjectId	auth	P:classes.manage	classController.removeSubjectFromClass
class	GET	//subjects	auth	P:classes.manage	classController.listSubjects
class	POST	//subjects	auth	P:classes.manage	classController.createSubject
class	PATCH	//subjects/:id	auth	P:classes.manage	classController.updateSubject
class	DELETE	//subjects/:id	auth	P:classes.manage	classController.deleteSubject
exam	GET	/exams/	auth	P:marks.view	examController.listExams
exam	POST	/exams/	auth	P:marks.manage	examController.createExam
exam	GET	/exams/analytics/performance	auth	P:marks.view	examController.getPerformanceAnalytics
exam	PATCH	/exams/:id	auth	P:marks.manage	examController.updateExam
exam	DELETE	/exams/:id	auth	P:marks.manage	examController.deleteExam
exam	PATCH	/exams/:id/publish	auth	P:marks.manage	examController.publishExam
exam	GET	/exams/:id/schedule	auth	P:marks.view	examController.listSchedule
exam	POST	/exams/:id/schedule	auth	P:marks.manage	examController.createScheduleEntry
exam	PATCH	/exams/:id/schedule/:scheduleId	auth	P:marks.manage	examController.updateScheduleEntry
exam	DELETE	/exams/:id/schedule/:scheduleId	auth	P:marks.manage	examController.deleteScheduleEntry
exam	GET	/exams/:id/documents	auth	P:marks.view	examController.listExamDocuments
exam	POST	/exams/:id/documents	auth	P:marks.manage	examController.addExamDocument
exam	DELETE	/exams/:id/documents/:docId	auth	P:marks.manage	examController.deleteExamDocument
exam	PATCH	/exams/:id/documents/:docId/publish	auth	P:marks.manage	examController.publishExamDocument
exam	GET	/exams/:id/report	auth	P:marks.view	examController.getExamReport
exam	GET	/exams/:id/marks	auth	P:marks.view	examController.listMarksForExam
exam	POST	/exams/:id/marks	auth	P:marks.manage	examController.upsertMarks
exam	GET	/exams/:id/subject-status	auth	P:marks.view	examController.getClassSubjectMarksStatus
exam	POST	/exams/:id/subjects/:subjectId/remind	auth	P:marks.manage	examController.sendMarksReminder
exam	GET	/exams/class/:classId/question-papers	auth	P:marks.view	examController.listQuestionPapersForClass
extracurricularPortal	GET	/extracurricular-portal/dashboard	auth	-	extracurricularPortalController.getDashboard
extracurricularPortal	GET	/extracurricular-portal/timetable	auth	-	extracurricularPortalController.getWeeklyTimetable
extracurricularPortal	GET	/extracurricular-portal/profile	auth	-	extracurricularPortalController.getProfile
extracurricularPortal	PATCH	/extracurricular-portal/profile	auth	-	extracurricularPortalController.updateProfile
extracurricularPortal	GET	/extracurricular-portal/activities	auth	-	extracurricularPortalController.getMyActivities
extracurricularPortal	PATCH	/extracurricular-portal/activities/:activityId/complete	auth	-	extracurricularPortalController.markActivityCompleted
extracurricularPortal	GET	/extracurricular-portal/batches	auth	-	extracurricularPortalController.getMyBatches
extracurricularPortal	GET	/extracurricular-portal/batches/:batchId/students	auth	-	extracurricularPortalController.getBatchStudents
extracurricularPortal	GET	/extracurricular-portal/schedule/today	auth	-	extracurricularPortalController.getTodaySchedule
extracurricularPortal	GET	/extracurricular-portal/schedule	auth	-	extracurricularPortalController.getWeeklySchedule
extracurricularPortal	POST	/extracurricular-portal/attendance	auth	-	extracurricularPortalController.markAttendance
extracurricularPortal	GET	/extracurricular-portal/attendance/summary	auth	-	extracurricularPortalController.getAttendanceSummary
extracurricularPortal	GET	/extracurricular-portal/practice-work	auth	-	extracurricularPortalController.listPracticeWork
extracurricularPortal	POST	/extracurricular-portal/practice-work	auth	-	extracurricularPortalController.addPracticeWork
extracurricularPortal	GET	/extracurricular-portal/events	auth	-	extracurricularPortalController.listEvents
extracurricularPortal	POST	/extracurricular-portal/events	auth	-	extracurricularPortalController.createEvent
extracurricularPortal	GET	/extracurricular-portal/achievements	auth	-	extracurricularPortalController.listAchievements
extracurricularPortal	POST	/extracurricular-portal/achievements	auth	-	extracurricularPortalController.addAchievement
extracurricularStaff	GET	/extracurricular-staff/dashboard-stats	auth	P:extracurricular_staff.manage	staffController.getDashboardStats
extracurricularStaff	GET	/extracurricular-staff/	auth	P:extracurricular_staff.manage	staffController.listStaff
extracurricularStaff	POST	/extracurricular-staff/	auth	P:extracurricular_staff.manage	staffController.createStaff
extracurricularStaff	GET	/extracurricular-staff/:id	auth	P:extracurricular_staff.manage	staffController.getStaff
extracurricularStaff	PATCH	/extracurricular-staff/:id	auth	P:extracurricular_staff.manage	staffController.updateStaff
extracurricularStaff	PATCH	/extracurricular-staff/:id/status	auth	P:extracurricular_staff.manage	staffController.setStaffStatus
extracurricularStaff	PUT	/extracurricular-staff/:id/activities	auth	P:extracurricular_staff.manage	staffController.assignActivities
extracurricularStaff	GET	/extracurricular-staff/:id/batches	auth	P:extracurricular_staff.manage	staffController.listBatches
extracurricularStaff	POST	/extracurricular-staff/:id/batches	auth	P:extracurricular_staff.manage	staffController.createBatch
extracurricularStaff	PATCH	/extracurricular-staff/batches/:batchId	auth	P:extracurricular_staff.manage	staffController.updateBatch
extracurricularStaff	DELETE	/extracurricular-staff/batches/:batchId	auth	P:extracurricular_staff.manage	staffController.deleteBatch
extracurricularStaff	POST	/extracurricular-staff/batches/:batchId/students	auth	P:extracurricular_staff.manage	staffController.addBatchStudents
extracurricularStaff	DELETE	/extracurricular-staff/batches/:batchId/students/:studentId	auth	P:extracurricular_staff.manage	staffController.removeBatchStudent
extracurricularStaff	GET	/extracurricular-staff/:id/schedule	auth	P:extracurricular_staff.manage	staffController.listScheduleSlots
extracurricularStaff	POST	/extracurricular-staff/schedule	auth	P:extracurricular_staff.manage	staffController.createScheduleSlot
extracurricularStaff	DELETE	/extracurricular-staff/schedule/:slotId	auth	P:extracurricular_staff.manage	staffController.deleteScheduleSlot
extracurricularStaff	GET	/extracurricular-staff/:id/achievements	auth	P:extracurricular_staff.manage	achievementController.listAchievements
extracurricularStaff	POST	/extracurricular-staff/:id/achievements	auth	P:extracurricular_staff.manage	achievementController.addAchievement
extracurricularStaff	DELETE	/extracurricular-staff/:id/achievements/:achievementId	auth	P:extracurricular_staff.manage	achievementController.deleteAchievement
fees	GET	/fees/classes	auth	P:fees.view	feesController.listClassesForFees
fees	GET	/fees/structures	auth	P:fees.view	feesController.listFeeStructures
fees	POST	/fees/structures	auth	P:fees.manage	feesController.createFeeStructure
fees	PATCH	/fees/structures/:id	auth	P:fees.manage	feesController.updateFeeStructure
fees	DELETE	/fees/structures/:id	auth	P:fees.manage	feesController.deleteFeeStructure
fees	GET	/fees/dashboard	auth	P:fees.view	feesController.getDashboardStats
fees	GET	/fees/analytics	auth	P:fees.view	feesController.getAnalytics
fees	GET	/fees/students	auth	P:fees.view	feesController.listStudentFeeDetails
fees	GET	/fees/payments	auth	P:fees.view	feesController.listPaymentHistory
fees	GET	/fees/payments/:paymentId/receipt	auth	P:fees.view	feesController.getReceipt
fees	GET	/fees/recent-activity	auth	P:fees.view	feesController.getRecentActivity
fees	GET	/fees/reports/collection	auth	P:fees.view	feesController.getCollectionReport
fees	GET	/fees/reports/class-wise	auth	P:fees.view	feesController.getClassWiseCollection
fees	POST	/fees/bulk/assign	auth	P:fees.manage	feesController.bulkAssignFees
fees	PATCH	/fees/bulk/update	auth	P:fees.manage	feesController.bulkUpdateFees
fees	DELETE	/fees/bulk/remove	auth	P:fees.manage	feesController.bulkRemoveFees
health	GET	/health/	PUBLIC	-	
homework	GET	/homework/review	auth	P:homework.manage	homeworkController.listForReview
homework	GET	/homework/	auth	P:homework.view	homeworkController.listForClass
homework	POST	/homework/	auth	P:homework.manage	homeworkController.createHomework
homework	PATCH	/homework/:id	auth	P:homework.manage	homeworkController.updateHomework
homework	PATCH	/homework/:id/approve	auth	P:homework.manage	homeworkController.approveHomework
homework	PATCH	/homework/:id/request-changes	auth	P:homework.manage	homeworkController.requestChanges
homework	DELETE	/homework/:id	auth	P:homework.manage	homeworkController.deleteHomework
homework	POST	/homework/:id/submit	auth	P:homework.submit	homeworkController.submitHomework
homework	GET	/homework/:id/submissions	auth	P:homework.manage	homeworkController.listSubmissionsForHomework
learningGames	GET	/learning-games/catalog	auth	R:student	learningGamesController.getCatalog
learningGames	POST	/learning-games/attempts	auth	R:student	learningGamesController.submitAttempt
learningGames	GET	/learning-games/profile	auth	R:student	learningGamesController.getProfile
leaveRequest	GET	/leave-requests/summary	auth	R:teacher,principal	leaveRequestController.getMySummary
leaveRequest	GET	/leave-requests/	auth	R:teacher,principal	leaveRequestController.listMine
leaveRequest	POST	/leave-requests/	auth	R:teacher,principal	leaveRequestController.applyMine
leaveRequest	GET	/leave-requests/	auth	P:teachers.manage	leaveRequestController.list
leaveRequest	POST	/leave-requests/	auth	P:teachers.manage	leaveRequestController.create
leaveRequest	PATCH	/leave-requests/:id	auth	P:teachers.manage	leaveRequestController.review
leaveRequest	DELETE	/leave-requests/:id	auth	P:teachers.manage	leaveRequestController.remove
notification	GET	/notifications/me	auth	-	notificationController.listForMe
notification	PUT	/notifications/read-all	auth	-	notificationController.markAllReadForMe
notification	PUT	/notifications/:notificationId/read	auth	-	notificationController.markReadForMe
notification	GET	/notifications/	auth	P:notifications.view	notificationController.listForSchool
notification	POST	/notifications/	auth	P:notifications.manage	notificationController.createNotification
notification	POST	/notifications/emergency	auth	R:school_admin,super_admin,principal P:notifications.manage	notificationController.createEmergencyAlert
push	POST	/push/subscribe	auth	-	pushController.subscribe
push	POST	/push/unsubscribe	auth	-	pushController.unsubscribe
rbac	GET	//roles	auth	P:users.view	rbacController.listRoles
rbac	GET	//permissions	auth	P:users.view	rbacController.listPermissions
rbac	GET	//role-permissions	auth	P:users.view	rbacController.listRolePermissionMatrix
registration	GET	/auth/register/meta	PUBLIC	-	registrationController.getMeta
registration	POST	/auth/register/principal	PUBLIC	-	registrationController.submitPrincipal
registration	POST	/auth/register/accountant	PUBLIC	-	registrationController.submitAccountant
registration	POST	/auth/register/driver	PUBLIC	-	registrationController.submitDriver
registration	POST	/auth/register/extracurricular-staff	PUBLIC	-	registrationController.submitExtracurricularStaff
registration	POST	/auth/register/teacher	PUBLIC	-	registrationController.submitTeacher
registration	POST	/auth/register/student	PUBLIC	-	registrationController.submitStudent
registration	GET	/registration-requests/	auth	-	registrationController.listQueue
registration	PATCH	/registration-requests/:id	auth	-	registrationController.review
reports	GET	/reports/admin/overview	auth	R:school_admin,super_admin,principal	reportsController.getAdminOverview
reports	GET	/reports/admin/dashboard-overview	auth	R:school_admin,super_admin,principal	reportsController.getDashboardOverview
reports	GET	/reports/principal/school-analytics	auth	R:principal,school_admin,super_admin	reportsController.getSchoolAnalytics
reports	GET	/reports/teacher/class-performance	auth	R:teacher,principal,school_admin,super_admin	reportsController.getClassPerformance
reports	GET	/reports/student-progress/:id	auth	-	reportsController.getStudentProgress
reports	GET	/reports/hub/attendance	auth	P:reports.view	reportsController.getAttendanceReport
reports	GET	/reports/hub/students	auth	P:reports.view	reportsController.getStudentReport
reports	GET	/reports/hub/teachers	auth	P:reports.view	reportsController.getTeacherReport
reports	GET	/reports/hub/fees	auth	P:reports.view	reportsController.getFeeReport
reports	GET	/reports/hub/transport	auth	P:reports.view	reportsController.getTransportReport
reports	GET	/reports/hub/exams	auth	P:reports.view	reportsController.getExamReportSummary
school	GET	/schools/lookup	PUBLIC	-	schoolController.lookupSchool
school	GET	/schools/	auth	P:platform.manage_schools	schoolController.listSchools
school	POST	/schools/	auth	P:platform.manage_schools	schoolController.createSchool
school	GET	/schools/assigned	auth	-	schoolController.listAssignedSchools
school	GET	/schools/me	auth	-	schoolController.getMySchool
school	PATCH	/schools/me	auth	P:school.manage_settings	schoolController.updateMySchool
school	GET	/schools/me/academic-years	auth	-	schoolController.listAcademicYears
school	POST	/schools/me/academic-years	auth	P:academic_years.manage	schoolController.createAcademicYear
school	PATCH	/schools/me/academic-years/:id	auth	P:academic_years.manage	schoolController.updateAcademicYear
school	POST	/schools/me/academic-years/:id/set-current	auth	P:academic_years.manage	schoolController.setCurrentAcademicYear
school	GET	/schools/me/branches	auth	-	schoolController.listBranches
school	POST	/schools/me/branches	auth	P:branches.manage	schoolController.createBranch
school	PATCH	/schools/me/branches/:id	auth	P:branches.manage	schoolController.updateBranch
school	DELETE	/schools/me/branches/:id	auth	P:branches.manage	schoolController.deactivateBranch
school	PATCH	/schools/me/settings	auth	P:school.manage_settings	schoolController.updateSchoolSettings
school	GET	/schools/me/departments	auth	-	schoolController.listDepartments
school	POST	/schools/me/departments	auth	P:departments.manage	schoolController.createDepartment
school	PATCH	/schools/me/departments/:id	auth	P:departments.manage	schoolController.updateDepartment
school	DELETE	/schools/me/departments/:id	auth	P:departments.manage	schoolController.deleteDepartment
school	GET	/schools/me/holidays	auth	-	schoolController.listHolidays
school	POST	/schools/me/holidays	auth	P:calendar.manage	schoolController.createHoliday
school	PATCH	/schools/me/holidays/:id	auth	P:calendar.manage	schoolController.updateHoliday
school	DELETE	/schools/me/holidays/:id	auth	P:calendar.manage	schoolController.deleteHoliday
school	GET	/schools/me/backup/export	auth	P:school.manage_settings	schoolController.exportSchoolData
school	GET	/schools/platform/stats	auth	P:platform.manage_schools	schoolController.getPlatformStats
school	GET	/schools/:id	auth	-	schoolController.getSchoolById
school	PATCH	/schools/:id	auth	P:platform.manage_schools	schoolController.updateSchoolById
school	DELETE	/schools/:id	auth	P:platform.manage_schools	schoolController.deleteSchoolById
school	GET	/schools/:id/stats	auth	-	schoolController.getSchoolProfileStats
schoolRequest	POST	/school-requests/	auth	P:schools.request_creation	schoolRequestController.createRequest
schoolRequest	GET	/school-requests/mine	auth	P:schools.request_creation	schoolRequestController.listMyRequests
schoolRequest	GET	/school-requests/	auth	P:platform.manage_schools	schoolRequestController.listAllRequests
schoolRequest	POST	/school-requests/:id/approve	auth	P:platform.manage_schools	schoolRequestController.approveRequest
schoolRequest	POST	/school-requests/:id/reject	auth	P:platform.manage_schools	schoolRequestController.rejectRequest
schoolRequest	GET	/school-requests/:id	auth	P:platform.manage_schools	schoolRequestController.getRequest
student	GET	/students/	auth	P:students.view	studentController.listStudents
student	POST	/students/	auth	-	studentController.createStudent
student	POST	/students/bulk	auth	P:students.manage	studentController.bulkCreateStudents
student	POST	/students/bulk-assign-class	auth	P:students.manage	studentController.bulkAssignClass
student	POST	/students/bulk-delete	auth	P:students.manage	studentController.bulkDeleteStudents
student	GET	/students/:id	auth	-	studentController.getStudentProfile
student	PATCH	/students/:id	auth	-	studentController.updateStudent
student	PATCH	/students/:id/class	auth	P:students.manage	studentController.assignClass
student	DELETE	/students/:id	auth	P:students.manage	studentController.deactivateStudent
student	POST	/students/:id/activate	auth	P:students.manage	studentController.activateStudent
student	DELETE	/students/:id/permanent	auth	P:students.manage	studentController.permanentlyDeleteStudent
student	GET	/students/:id/documents	auth	-	studentDocumentController.listDocuments
student	POST	/students/:id/documents	auth	-	studentDocumentController.addDocument
student	DELETE	/students/:id/documents/:docId	auth	-	studentDocumentController.deleteDocument
student	GET	/students/:id/evaluated-papers	auth	-	evaluatedPaperController.listForStudent
student	POST	/students/:id/evaluated-papers	auth	P:evaluated_papers.manage	evaluatedPaperController.addPaper
student	DELETE	/students/:id/evaluated-papers/:paperId	auth	P:evaluated_papers.manage	evaluatedPaperController.deletePaper
student	GET	/students/:id/fees/summary	auth	-	feesController.getFeeSummaryForStudent
student	GET	/students/:id/fees/payments	auth	-	feesController.listPaymentsForStudent
student	POST	/students/:id/fees/payments	auth	P:fees.manage	feesController.recordPaymentForStudent
student	PUT	/students/:id/fees/structures/:feeStructureId/override	auth	P:fees.manage	feesController.upsertStudentFeeOverride
student	DELETE	/students/:id/fees/structures/:feeStructureId/override	auth	P:fees.manage	feesController.deleteStudentFeeOverride
student	GET	/students/:id/transport	auth	-	transportController.getStudentTransport
student	PATCH	/students/:id/transport	auth	P:transport.manage	transportController.assignStudentTransport
student	DELETE	/students/:id/transport	auth	P:transport.manage	transportController.unassignStudentTransport
student	GET	/students/:id/siblings	auth	-	studentSiblingController.listSiblings
student	GET	/students/:id/siblings/search	auth	-	studentSiblingController.searchSiblingCandidates
student	POST	/students/:id/siblings/link	auth	-	studentSiblingController.linkSibling
student	DELETE	/students/:id/siblings/:siblingId	auth	-	studentSiblingController.unlinkSibling
student	GET	/students/:id/activity	auth	-	studentActivityController.getActivityTimeline
student	GET	/students/:id/dashboard	auth	-	studentDashboardController.getDashboard
student	GET	/students/:id/attendance	auth	-	attendanceController.listForStudent
student	GET	/students/:id/attendance/summary	auth	-	attendanceController.getSummaryForStudent
student	GET	/students/:id/marks	auth	-	examController.listMarksForStudent
student	GET	/students/:id/marks/summary	auth	-	examController.getMarksSummaryForStudent
student	GET	/students/:id/exams/upcoming	auth	-	examController.listUpcomingForStudent
student	GET	/students/:id/exams	auth	-	examController.listExamsForStudent
student	GET	/students/:id/exams/:examId/schedule	auth	-	examController.getExamScheduleForStudent
student	GET	/students/:id/report-card	auth	-	examController.getReportCardForStudent
student	GET	/students/:id/question-papers	auth	-	examController.listQuestionPapersForStudent
student	GET	/students/:id/homework	auth	-	homeworkController.listUpcomingForStudent
student	GET	/students/:id/homework/all	auth	-	homeworkController.listAllForStudent
student	GET	/students/:id/timetable	auth	-	timetableController.getWeeklyForStudent
student	GET	/students/:id/extracurricular	auth	-	studentExtracurricularController.getOverview
student	GET	/students/:id/notifications	auth	-	notificationController.listForStudent
student	POST	/students/:id/notifications/:notificationId/read	auth	-	notificationController.markRead
student	GET	/students/:id/leave-requests	auth	-	studentLeaveRequestController.listForStudent
student	POST	/students/:id/leave-requests	auth	-	studentLeaveRequestController.applyForStudent
student	GET	/students/:id/profile-change-requests	auth	-	studentProfileChangeRequestController.listForStudent
student	POST	/students/:id/profile-change-requests	auth	-	studentProfileChangeRequestController.submitForStudent
studentLeaveRequest	GET	/student-leave-requests/	auth	R:teacher	studentLeaveRequestController.listForClassTeacher
studentLeaveRequest	PATCH	/student-leave-requests/:id	auth	R:teacher	studentLeaveRequestController.review
studentProfileChangeRequest	GET	/profile-change-requests/	auth	R:teacher	studentProfileChangeRequestController.listForClassTeacher
studentProfileChangeRequest	PATCH	/profile-change-requests/:id	auth	R:teacher	studentProfileChangeRequestController.review
superAdmin	GET	/super-admin/dashboard	auth	R:super_admin P:platform.manage_schools	superAdminController.getDashboard
superAdmin	GET	/super-admin/schools	auth	R:super_admin P:platform.manage_schools	superAdminController.listSchools
superAdmin	POST	/super-admin/schools	auth	R:super_admin P:platform.manage_schools	superAdminController.createSchool
superAdmin	POST	/super-admin/schools/impact	auth	R:super_admin P:platform.manage_schools	superAdminController.previewSchoolsImpact
superAdmin	POST	/super-admin/schools/set-active	auth	R:super_admin P:platform.manage_schools	superAdminController.setSchoolsActive
superAdmin	GET	/super-admin/schools/:id	auth	R:super_admin P:platform.manage_schools	superAdminController.getSchoolOverview
superAdmin	PATCH	/super-admin/schools/:id	auth	R:super_admin P:platform.manage_schools	superAdminController.updateSchool
superAdmin	DELETE	/super-admin/schools/:id	auth	R:super_admin P:platform.manage_schools	superAdminController.deleteSchool
superAdmin	GET	/super-admin/school-admins	auth	R:super_admin P:platform.manage_school_admins	superAdminController.listSchoolAdmins
superAdmin	POST	/super-admin/school-admins	auth	R:super_admin P:platform.manage_school_admins	superAdminController.createSchoolAdmin
superAdmin	GET	/super-admin/school-admins/:id	auth	R:super_admin P:platform.manage_school_admins	superAdminController.getSchoolAdmin
superAdmin	PATCH	/super-admin/school-admins/:id	auth	R:super_admin P:platform.manage_school_admins	superAdminController.updateSchoolAdmin
superAdmin	POST	/super-admin/school-admins/:id/reset-password	auth	R:super_admin P:platform.manage_school_admins	superAdminController.resetSchoolAdminPassword
superAdmin	PUT	/super-admin/school-admins/:id/schools	auth	R:super_admin P:platform.manage_school_admins	superAdminController.assignSchools
superAdmin	DELETE	/super-admin/school-admins/:id/schools/:schoolId	auth	R:super_admin P:platform.manage_school_admins	superAdminController.removeAssignment
superAdmin	GET	/super-admin/school-admins/:id/impact	auth	R:super_admin P:platform.manage_school_admins	superAdminController.previewSchoolAdminImpact
superAdmin	POST	/super-admin/school-admins/:id/deactivate	auth	R:super_admin P:platform.manage_school_admins	superAdminController.deactivateSchoolAdmin
superAdmin	POST	/super-admin/school-admins/:id/activate	auth	R:super_admin P:platform.manage_school_admins	superAdminController.activateSchoolAdmin
superAdmin	GET	/super-admin/audit-log	auth	R:super_admin P:platform.view_audit_log	superAdminController.listAuditLog
superAdmin	GET	/super-admin/audit-log/actions	auth	R:super_admin P:platform.view_audit_log	superAdminController.listAuditActions
syllabus	GET	/syllabus/my-class	auth	R:student	syllabusController.listForOwnClass
syllabus	GET	/syllabus/	auth	R:...STAFF_AND_TEACHER	syllabusController.list
syllabus	GET	/syllabus/:id	auth	R:...STAFF_AND_TEACHER	syllabusController.get
syllabus	POST	/syllabus/	auth	R:...STAFF_AND_TEACHER	syllabusController.create
syllabus	PATCH	/syllabus/:id	auth	R:...STAFF_AND_TEACHER	syllabusController.update
syllabus	DELETE	/syllabus/:id	auth	R:...STAFF_ONLY	syllabusController.remove
teacher	GET	/teachers/	auth	P:teachers.manage	teacherController.listTeachers
teacher	GET	/teachers/:id	auth	P:teachers.manage	teacherController.getTeacher
teacher	POST	/teachers/	auth	P:teachers.manage	teacherController.createTeacher
teacher	PATCH	/teachers/:id	auth	P:teachers.manage	teacherController.updateTeacher
teacher	DELETE	/teachers/:id	auth	P:teachers.manage	teacherController.deactivateTeacher
teacher	GET	/teachers/:id/assignments	auth	P:teachers.manage	teacherController.listAssignments
teacher	POST	/teachers/:id/assignments	auth	P:teachers.manage	teacherController.assignToClassSubject
teacher	POST	/teachers/:id/homeroom	auth	P:teachers.manage	teacherController.setHomeroomTeacher
teacher	DELETE	/teachers/:id/homeroom	auth	P:teachers.manage	teacherController.clearHomeroomTeacher
teacher	POST	/teachers/:id/assignments/bulk	auth	P:teachers.manage	teacherController.bulkAssignSubjects
teacher	GET	/teachers/:id/documents	auth	P:teachers.manage	teacherDocumentController.listDocuments
teacher	POST	/teachers/:id/documents	auth	P:teachers.manage	teacherDocumentController.addDocument
teacher	DELETE	/teachers/:id/documents/:docId	auth	P:teachers.manage	teacherDocumentController.deleteDocument
teacher	GET	/teachers/:id/attendance	auth	P:teachers.manage	teacherAttendanceController.listForTeacher
teacher	GET	/teachers/:id/attendance/summary	auth	P:teachers.manage	teacherAttendanceController.getSummaryForTeacher
teacher	GET	/teachers/:id/leave-requests	auth	P:teachers.manage	leaveRequestController.listForTeacher
teacherAttendance	GET	/teacher-attendance/daily	auth	P:teachers.manage	teacherAttendanceController.getDaily
teacherAttendance	GET	/teacher-attendance/monthly-summary	auth	P:teachers.manage	teacherAttendanceController.getMonthlySummary
teacherAttendance	POST	/teacher-attendance/mark	auth	P:teachers.manage	teacherAttendanceController.mark
teacherPortal	GET	/teacher-portal/dashboard	auth	-	teacherPortalController.getDashboard
teacherPortal	GET	/teacher-portal/my-assignments	auth	-	teacherPortalController.listMyAssignments
teacherPortal	GET	/teacher-portal/classes/:classId/students	auth	-	teacherPortalController.listStudentsForClass
teacherPortal	GET	/teacher-portal/profile	auth	-	teacherPortalController.getProfile
teacherPortal	PATCH	/teacher-portal/profile	auth	-	teacherPortalController.updateProfile
teacherPortal	GET	/teacher-portal/students	auth	-	teacherPortalController.listMyStudents
teacherPortal	GET	/teacher-portal/students/:studentId	auth	-	teacherPortalController.getStudentDetail
teacherPortal	GET	/teacher-portal/timetable/today	auth	-	teacherPortalController.getTodayTimetable
teacherPortal	GET	/teacher-portal/timetable	auth	-	teacherPortalController.getWeeklyTimetable
teacherPortal	GET	/teacher-portal/assessments	auth	-	teacherPortalController.listMyAssessments
teacherPortal	POST	/teacher-portal/assessments	auth	-	teacherPortalController.createAssessment
teacherPortal	POST	/teacher-portal/homework/ai-enhance	auth	-	teacherPortalController.enhanceHomework
teacherPortal	GET	/teacher-portal/leave-summary	auth	-	teacherPortalController.getLeaveSummary
teacherPortal	GET	/teacher-portal/leave-requests	auth	-	teacherPortalController.listMyLeaveRequests
teacherPortal	POST	/teacher-portal/leave-requests	auth	-	teacherPortalController.applyForLeave
teacherPortal	GET	/teacher-portal/attendance/today	auth	-	teacherPortalController.getTodayAttendance
teacherPortal	POST	/teacher-portal/attendance/check-in	auth	-	teacherPortalController.checkIn
teacherPortal	POST	/teacher-portal/attendance/check-out	auth	-	teacherPortalController.checkOut
timetable	GET	/timetable/	auth	P:timetable.view	timetableController.listForClass
timetable	POST	/timetable/	auth	P:timetable.manage	timetableController.upsertPeriod
timetable	DELETE	/timetable/:id	auth	P:timetable.manage	timetableController.deletePeriod
timetableChangeRequest	POST	/timetable-change-requests/	auth	R:teacher	controller.create
timetableChangeRequest	GET	/timetable-change-requests/mine	auth	R:teacher	controller.listMine
timetableChangeRequest	GET	/timetable-change-requests/	auth	P:timetable.manage	controller.listOpen
timetableChangeRequest	PATCH	/timetable-change-requests/:id	auth	P:timetable.manage	controller.review
tracking	POST	/tracking/driver/trips	auth	R:driver	controller.startTrip
tracking	POST	/tracking/driver/trips/:tripId/location	auth	R:driver	controller.recordLocation
tracking	POST	/tracking/driver/trips/:tripId/end	auth	R:driver	controller.endTrip
tracking	POST	/tracking/driver/trips/:tripId/students/:studentId/status	auth	R:driver	controller.markStudentStatus
tracking	GET	/tracking/driver/trips/:tripId/student-status	auth	R:driver	controller.listMyTripStudentStatus
tracking	GET	/tracking/student/vehicles	auth	R:student	controller.myVehicles
tracking	GET	/tracking/admin/active-vehicles	auth	P:transport.view	controller.activeVehicles
tracking	GET	/tracking/trips	auth	P:transport.manage	controller.listTripHistory
tracking	GET	/tracking/trips/:tripId/eta	auth	-	controller.getTripEta
tracking	GET	/tracking/trips/:tripId/student-status	auth	P:transport.view	controller.listTripStudentStatus
tracking	GET	/tracking/students/:id/status	auth	-	controller.getStudentTripStatus
tracking	GET	/tracking/students/:id/history	auth	-	controller.listStudentTransportHistory
tracking	POST	/tracking/students/:id/location	auth	-	controller.recordMyLocation
transport	GET	/transport/driver/dashboard	auth	R:driver	controller.driverDashboard
transport	GET	/transport/vehicles	auth	P:transport.manage	controller.listVehicles
transport	POST	/transport/vehicles	auth	P:transport.manage	controller.createVehicle
transport	GET	/transport/drivers	auth	P:transport.manage	controller.listDrivers
transport	POST	/transport/drivers	auth	P:transport.manage	controller.createDriver
transport	GET	/transport/routes	auth	P:transport.manage	controller.listRoutes
transport	POST	/transport/routes	auth	P:transport.manage	controller.createRoute
transport	POST	/transport/pickup-points	auth	P:transport.manage	controller.createPickupPoint
transport	POST	/transport/student-pickups	auth	P:transport.manage	controller.assignStudentPickup
transport	GET	/transport/vehicles/:id	auth	P:transport.manage	controller.getVehicle
transport	PATCH	/transport/vehicles/:id	auth	P:transport.manage	controller.updateVehicle
transport	DELETE	/transport/vehicles/:id	auth	P:transport.manage	controller.deleteVehicle
transport	GET	/transport/vehicles/:id/students	auth	P:transport.manage	controller.listStudentsForVehicle
transport	GET	/transport/drivers/:id	auth	P:transport.manage	controller.getDriver
transport	PATCH	/transport/drivers/:id	auth	P:transport.manage	controller.updateDriver
transport	POST	/transport/drivers/:id/deactivate	auth	P:transport.manage	controller.deactivateDriver
transport	GET	/transport/drivers/:id/students	auth	P:transport.manage	controller.listStudentsForDriver
transport	GET	/transport/routes/:id	auth	P:transport.manage	controller.getRoute
transport	PATCH	/transport/routes/:id	auth	P:transport.manage	controller.updateRoute
transport	DELETE	/transport/routes/:id	auth	P:transport.manage	controller.deleteRoute
transport	GET	/transport/routes/:id/students	auth	P:transport.manage	controller.listStudentsForRoute
transport	PATCH	/transport/pickup-points/:id	auth	P:transport.manage	controller.updatePickupPoint
transport	DELETE	/transport/pickup-points/:id	auth	P:transport.manage	controller.deletePickupPoint
transport	GET	/transport/students/search	auth	P:transport.manage	controller.searchStudentsForAssignment
transport	GET	/transport/fees	auth	P:transport.manage	controller.listTransportFees
transport	POST	/transport/student-pickups/:studentId/fee	auth	P:transport.manage	controller.setTransportFee
transport	PATCH	/transport/student-pickups/:studentId/fee	auth	P:transport.manage	controller.setTransportFee
transport	GET	/transport/maintenance	auth	P:transport.manage	controller.listAllMaintenanceRecords
transport	GET	/transport/vehicles/:vehicleId/maintenance	auth	P:transport.manage	controller.listMaintenanceRecords
transport	POST	/transport/vehicles/:vehicleId/maintenance	auth	P:transport.manage	controller.createMaintenanceRecord
transport	PATCH	/transport/maintenance/:id	auth	P:transport.manage	controller.updateMaintenanceRecord
transport	DELETE	/transport/maintenance/:id	auth	P:transport.manage	controller.deleteMaintenanceRecord
user	GET	/users/	auth	P:users.view	userController.listUsers
user	POST	/users/	auth	P:users.view P:users.manage	userController.createUser
user	POST	/users/bulk-activate	auth	P:users.view P:users.manage	userController.bulkActivate
user	POST	/users/bulk-deactivate	auth	P:users.view P:users.manage	userController.bulkDeactivate
user	POST	/users/bulk-create	auth	P:users.view P:users.manage	userController.bulkCreateUsers
user	POST	/users/bulk-delete	auth	P:users.view P:users.manage	userController.bulkDeleteUsers
user	GET	/users/:id	auth	P:users.view	userController.getUser
user	PATCH	/users/:id	auth	P:users.view P:users.manage	userController.updateUser
user	DELETE	/users/:id	auth	P:users.view P:users.manage	userController.deactivateUser
user	POST	/users/:id/reset-password	auth	P:users.view P:users.manage	userController.resetPassword
user	GET	/users/:id/roles	auth	P:users.view	userController.listUserRoles
user	POST	/users/:id/roles	auth	P:users.view P:roles.manage	userController.assignRole
user	DELETE	/users/:id/roles/:roleId	auth	P:users.view P:roles.manage	userController.revokeRole
websiteKnowledge	GET	/website-knowledge/settings	auth	-	questionController.getSettings
websiteKnowledge	POST	/website-knowledge/attempts/start	auth	-	attemptController.startAttempt
websiteKnowledge	GET	/website-knowledge/attempts	auth	-	attemptController.listMyAttempts
websiteKnowledge	GET	/website-knowledge/attempts/:id	auth	-	attemptController.getAttemptDetail
websiteKnowledge	POST	/website-knowledge/attempts/:id/answers	auth	-	attemptController.submitAnswer
websiteKnowledge	POST	/website-knowledge/attempts/:id/complete	auth	-	attemptController.completeAttempt
websiteKnowledge	GET	/website-knowledge/certificate	auth	-	attemptController.getMyCertificate
websiteKnowledge	GET	/website-knowledge/monitoring/summary	auth	-	monitoringController.getMySummary
websiteKnowledge	GET	/website-knowledge/monitoring/students	auth	R:teacher	monitoringController.listStudents
websiteKnowledge	GET	/website-knowledge/monitoring/students/:studentId/history	auth	R:teacher	monitoringController.getStudentHistory
websiteKnowledge	GET	/website-knowledge/monitoring/class-summary	auth	R:teacher	monitoringController.getClassTeacherSummary
websiteKnowledge	GET	/website-knowledge/monitoring/teachers	auth	R:principal,super_admin	monitoringController.listTeachers
websiteKnowledge	GET	/website-knowledge/monitoring/teachers/:teacherId/history	auth	R:principal,super_admin	monitoringController.getTeacherHistory
websiteKnowledge	GET	/website-knowledge/monitoring/principal-summary	auth	R:principal	monitoringController.getPrincipalSummary
websiteKnowledge	GET	/website-knowledge/monitoring/principals	auth	R:school_admin,super_admin	monitoringController.listPrincipals
websiteKnowledge	GET	/website-knowledge/monitoring/principals/:principalId/history	auth	R:school_admin,super_admin	monitoringController.getPrincipalHistory
websiteKnowledge	GET	/website-knowledge/monitoring/school-admins	auth	R:super_admin	monitoringController.listSchoolAdmins
websiteKnowledge	GET	/website-knowledge/monitoring/school-admins/:schoolAdminId/history	auth	R:super_admin	monitoringController.getSchoolAdminHistory
websiteKnowledge	GET	/website-knowledge/monitoring/global-stats	auth	R:super_admin	monitoringController.getGlobalStats
websiteKnowledge	GET	/website-knowledge/admin/questions	auth	P:assessment.manage_questions	questionController.listQuestions
websiteKnowledge	POST	/website-knowledge/admin/questions	auth	P:assessment.manage_questions	questionController.createQuestion
websiteKnowledge	PATCH	/website-knowledge/admin/questions/:id	auth	P:assessment.manage_questions	questionController.updateQuestion
websiteKnowledge	DELETE	/website-knowledge/admin/questions/:id	auth	P:assessment.manage_questions	questionController.deleteQuestion
websiteKnowledge	GET	/website-knowledge/admin/question-sets	auth	P:assessment.manage_questions	questionController.listQuestionSets
websiteKnowledge	POST	/website-knowledge/admin/question-sets	auth	P:assessment.manage_questions	questionController.createQuestionSet
websiteKnowledge	PATCH	/website-knowledge/admin/question-sets/:id	auth	P:assessment.manage_questions	questionController.updateQuestionSet
websiteKnowledge	DELETE	/website-knowledge/admin/question-sets/:id	auth	P:assessment.manage_questions	questionController.deleteQuestionSet
websiteKnowledge	GET	/website-knowledge/admin/question-sets/:id/items	auth	P:assessment.manage_questions	questionController.getQuestionSetItems
websiteKnowledge	POST	/website-knowledge/admin/question-sets/:id/items	auth	P:assessment.manage_questions	questionController.addQuestionToSet
websiteKnowledge	DELETE	/website-knowledge/admin/question-sets/:id/items/:questionId	auth	P:assessment.manage_questions	questionController.removeQuestionFromSet
websiteKnowledge	PATCH	/website-knowledge/admin/settings	auth	P:assessment.manage_settings	questionController.updateSettings
